Timestamp,Session_ID,Event,Status,Details
2025-10-20 18:10:24,V13_20251020_181024,SESSION_START,OK,Session initialized.
2025-10-20 18:10:24,V13_20251020_181024,HASH_VALIDATION,FAIL,Integrity_HashList.md5 missing.
2025-10-20 18:10:24,V13_20251020_181024,SESSION_ABORT,FAIL,Hash mismatch detected.
2025-10-20 21:35:48,V13_20251020_213548,SESSION_START,OK,Session initialized.
2025-10-20 21:35:48,V13_20251020_213548,HASH_VALIDATION,FAIL,Integrity_HashList.md5 missing.
2025-10-20 21:35:48,V13_20251020_213548,SESSION_ABORT,FAIL,Hash mismatch detected.
2025-10-20 21:50:30,V13_20251020_215030,SESSION_START,OK,Session initialized.
2025-10-20 21:50:30,V13_20251020_215030,HASH_VALIDATION,FAIL,Integrity_HashList.md5 missing.
2025-10-20 21:50:30,V13_20251020_215030,SESSION_ABORT,FAIL,Hash mismatch detected.
2025-10-21 00:22:09,V13_20251021_002209,SESSION_START,OK,Session initialized.
2025-10-21 00:22:09,V13_20251021_002209,HASH_VALIDATION,FAIL,Integrity_HashList.md5 missing.
2025-10-21 00:22:09,V13_20251021_002209,SESSION_ABORT,FAIL,Hash mismatch detected.
2025-10-21 01:34:37,V13_20251021_013437,SESSION_START,OK,Session initialized.
2025-10-21 01:34:37,V13_20251021_013437,HASH_VALIDATION,FAIL,Integrity_HashList.md5 missing.
2025-10-21 01:34:37,V13_20251021_013437,SESSION_ABORT,FAIL,Hash mismatch detected.
2025-10-21 01:48:37,V13_20251021_014837,SESSION_START,OK,Session initialized.
2025-10-21 01:48:37,V13_20251021_014837,HASH_VALIDATION,FAIL,Integrity_HashList.md5 missing.
2025-10-21 01:48:37,V13_20251021_014837,SESSION_ABORT,FAIL,Hash mismatch detected.
2025-10-21 04:16:31,V13_20251021_041631,SESSION_START,OK,Session initialized.
2025-10-21 04:16:31,V13_20251021_041631,HASH_VALIDATION,FAIL,Integrity_HashList.md5 missing.
2025-10-21 04:16:31,V13_20251021_041631,SESSION_ABORT,FAIL,Hash mismatch detected.
2025-10-21 19:27:36,MANUAL_SEAL,AUDIT_SEAL,OK,sha256=df3230478fdd94e5c194210f1c2d1b0f261cc7b192a4cf3c21d6d8ea936cb596
2025-10-21 20:37:57,V13_20251021_203757,SESSION_START,OK,Session initialized.
2025-10-21 20:37:57,V13_20251021_203757,HASH_VALIDATION,FAIL,Integrity_HashList.md5 missing.
2025-10-21 20:37:57,V13_20251021_203757,SESSION_ABORT,FAIL,Hash mismatch detected.
